longitude,latitude,distance_to_citycenter,distance_to_airport,distance_to_station,distance_to_shopping,year_built,num_room,num_bed,num_bath,living_area,askprice
-73.6696768,45.537392,9.552088466,10.026127,9.039911862,9.402607567,1993,5,2,1,97.55,272800
-73.5651434,45.4927424,1.97105698,14.54549078,0.833513373,1.106614857,2003,5,2,1,94.02,421000
-73.6258169,45.4981584,5.709723075,10.16307642,4.626965744,5.143768082,1996,7,2,2,93.37,364000
-73.5538055,45.4990276,1.074995311,15.56215144,0.999137839,0.590304538,2002,4,2,1,78.97,420000
-73.6249059,45.5050633,5.531681066,10.52452665,4.58257966,5.065618148,1946,9,5,3,167.23,719000
-73.569921,45.5536353,5.146879665,16.95551705,5.950304106,5.789318018,1987,7,2,1,117.8,385900
-73.568428,45.5164014,1.406874198,15.06708326,1.810298289,1.726035077,2003,5,1,1,108.7,565000
-73.5948723,45.4621857,6.069655304,11.92266192,4.7677069,5.196291403,2010,3,1,1,39.76,169000
-73.65236744,45.49670815,7.772625263,8.191867576,6.70202665,7.21938771,2011,4,2,1,72,286000
-73.5946616,45.5303368,3.971606558,13.92476294,4.006918222,4.144679684,2003,6,2,1,120.5,449000
-73.5953945,45.5319527,4.127296546,13.96966399,4.188844257,4.31887961,2011,4,1,1,68.75,320000
-73.5442237,45.5456009,4.175627195,18.17500457,5.341348055,4.99906859,2005,3,1,1,73.95,225000
-73.5740395,45.4843058,3.125091256,13.69576572,1.859480208,2.252587408,1984,4,2,1,82.22,324000
-73.5678455,45.5471796,4.411246755,16.68812158,5.227581852,5.056783288,2006,5,2,1,78.37,299000
-73.595435,45.5648096,7.021094354,16.19213997,7.53157544,7.504973556,2006,4,2,1,89.89,294000
-73.5640067,45.5362977,3.164855216,16.32609175,4.021320236,3.822622316,1984,3,1,1,57.65,234000
-73.5506065,45.5113026,0.398453545,16.17758071,1.751755235,1.266574615,1994,6,2,2,92.9,445000
-73.5936206,45.4748548,4.862333161,12.05577237,3.520044874,3.997586311,2011,5,3,1,104.98,379000
-73.5234898,45.5922105,9.587942309,22.42531373,10.76841055,10.42372963,1983,6,3,2,136.01,280000
-73.5641251,45.5434896,3.94708256,16.71671932,4.819865253,4.620793859,2008,5,2,1,98.01,399000
-73.5663994,45.5293917,2.492799934,15.80483521,3.248651209,3.082221824,1974,8,3,2,133.41,519000
-73.5592235,45.495234,1.548701643,15.05507526,0.790817027,0.758642906,2012,4,1,1,52.77,289000
-73.5639816,45.5530071,4.987143813,17.29640778,5.877877463,5.676440832,1996,7,3,1,122.63,395000
-73.5659243,45.5440959,4.042775977,16.63207952,4.883890565,4.69962746,2007,5,2,1,107.3,397500
-73.5328434,45.5874433,8.911873503,21.52595759,10.0518457,9.730764814,2005,6,2,1,95.32,256000
-73.535601,45.5596501,5.84672281,19.55060171,7.038137791,6.683901346,2007,3,1,1,68.01,220000
-73.6237901,45.5336769,6.098160968,12.2628283,5.812690372,6.086417504,2000,4,2,1,91.04,386000
-73.5881614,45.6078226,11.33704611,20.10329601,12.08778207,11.96527818,1990,4,2,1,76.7,234900
-73.583566,45.5836428,8.643950252,18.3159628,9.375546884,9.257660227,2003,4,2,2,110.7,344900
-73.590437,45.555378,5.912234569,15.79815446,6.41470733,6.386656005,1951,7,3,2,115,498000
-73.5917009,45.6089398,11.52473855,20.03267227,12.2518776,12.14035515,2005,5,2,2,117.34,398000
-73.5685394,45.5141941,1.279949968,14.96910264,1.56666517,1.505501008,2008,5,1,1,64.38,349000
-73.5630479,45.50519,0.797983706,15.04814199,0.619727663,0.421774452,2003,5,2,1,93.5,424999
-73.5668466,45.4875318,2.553818265,14.30654206,1.406201339,1.69714859,2013,3,1,1,72,429000
-73.6196872,45.4863336,5.683730288,10.23965537,4.420824825,4.965401846,1929,6,3,2,171.87,499000
-73.55915308,45.44674913,6.899044349,14.85396559,5.968503812,6.147572484,2013,5,1,1,73.11,409000
-73.5496888,45.5769539,7.598084522,19.77344361,8.637368104,8.369926219,1992,5,1,1,48.77,189900
-73.5449084,45.553309,5.012600033,18.56272886,6.143308486,5.822467675,2009,7,2,1,102.19,381000
-73.638815,45.5510149,8.104440899,12.7272096,7.979685923,8.204556612,1986,5,3,2,109.3,299800
-73.53662102,45.59580981,9.782215578,21.90022592,10.88589259,10.58601245,2002,6,2,2,162.58,454900
-73.6278246,45.5542689,7.658454655,13.57339843,7.680171313,7.849331533,1984,5,2,2,101.26,349000
-73.5857667,45.5729225,7.55556019,17.35803313,8.22677311,8.133157212,2009,6,2,1,84.54,270000
-73.5627348,45.5527411,4.943791256,17.36041451,5.852405611,5.642472089,1999,5,2,1,101.82,385000
-73.6084085,45.425197,10.20431953,11.76009738,8.954474539,9.339028153,2008,4,2,1,85.94,299000
-73.5859396,45.5726048,7.526602451,17.32400972,8.194516198,8.102265618,2009,5,2,1,83.98,269000
-73.5599938,45.4953476,1.553149945,14.99923085,0.739584974,0.743284274,2012,6,2,2,105.82,589000
-73.6148308,45.4420457,8.794057589,10.68986431,7.481450738,7.920717632,1999,7,2,1,111.48,319000
-73.5525877,45.461987,5.194815934,15.2195601,4.383146107,4.490646089,1987,5,2,1,95.13,335000
-73.5495422,45.5264999,2.011785927,16.85837119,3.212144424,2.841229642,2007,4,1,1,60.94,229000
-73.56618,45.5441672,4.055068475,16.61926753,4.891669975,4.70949631,2006,6,2,1,100.24,424900
-73.5554151,45.5720025,7.040439409,19.08205371,8.033440375,7.788734878,1990,5,2,1,115.76,372000
-73.66487833,45.44239434,11.35518033,6.957801322,10.00527345,10.52574584,2009,3,1,1,68.93,220000
-73.53994846,45.46079286,5.439466846,16.20900975,4.844494301,4.845991303,1977,9,2,2,134.71,625000
-73.5680766,45.5467932,4.374020254,16.64972915,5.185014423,5.016343824,2006,4,2,1,90.12,339000
-73.54548144,45.59426678,9.539075333,21.27145191,10.58991319,10.318593,1989,7,2,2,111.67,357500
-73.67091218,45.52072539,9.198673195,8.558837024,8.449392807,8.885138413,1982,6,2,2,123.41,399000
-73.6492794,45.5001634,7.477036661,8.575375234,6.450045651,6.957288602,2011,8,6,2,104.79,478000
-73.5601137,45.4961667,1.469323446,15.01031179,0.669371357,0.6522105,2005,1,1,1,73.49,339000
-73.54937911,45.53692826,3.161193321,17.36607793,4.299340993,3.96835136,2012,5,2,1,99.96,348000
-73.5711459,45.5858507,8.681507839,19.17402045,9.533401226,9.360186,1984,4,2,1,88.3,224500
-73.55292572,45.44916671,6.619654979,15.30002053,5.77016918,5.904539887,2006,5,2,2,99.41,415000
-73.5551352,45.4589895,5.527343118,15.03417599,4.66495485,4.801421996,2001,5,2,2,107.3,485000
-73.5508035,45.462495,5.143437568,15.35717741,4.365426911,4.455023918,1988,6,2,1,99.41,355000
-73.63566524,45.54592648,7.583061341,12.48183545,7.409282779,7.650074224,2012,4,2,1,88.91,375000
-73.5864916,45.5719109,7.468204909,17.23985453,8.126817762,8.038468457,2007,3,1,1,60.29,186000
-73.6331156,45.4761651,7.141891586,9.008396807,5.837707247,6.380706677,1949,6,3,1,95.69,335000
-73.5475387,45.5578887,5.494221883,18.662875,6.585494592,6.286978705,1989,4,2,1,96.99,338000
-73.56884927,45.50595309,1.188264469,14.64181037,0.667539031,0.812617232,1928,6,2,1,111.11,779000
-73.5896912,45.5349927,4.029399803,14.52542412,4.271687272,4.331977069,2009,6,2,1,94.39,429000
-73.58183969,45.47349524,4.470998991,12.96052171,3.198116358,3.599179347,2004,7,2,1,94.76,379400
-73.5533446,45.4650254,4.855971626,15.15474432,4.041286513,4.148018215,1988,4,2,1,109.63,369000
-73.54739422,45.514151,0.801399263,16.51579247,2.153167423,1.669902969,1920,4,1,1,97.64,447000
-73.5319261,45.5864052,8.812206325,21.50945378,9.959550493,9.634128342,2008,5,2,1,83.61,259900
-73.5345142,45.588021,8.951904106,21.46550983,10.08091149,9.766145958,2005,6,2,1,86.03,249500
-73.6177373,45.5343955,5.721898056,12.68550748,5.513853503,5.757719241,2012,5,2,2,116.5,539000
-73.5778201,45.497733,2.213457081,13.71310649,0.921660668,1.465137136,2010,5,1,1,103.4,619000
-73.5751172,45.4808714,3.500192996,13.56028186,2.248752811,2.629787246,2001,4,2,2,108.88,468000
-73.6276841,45.5155377,5.783206504,10.87229932,5.063152283,5.480196975,2013,4,2,2,91.51,314000
-73.5668787,45.5455524,4.217550679,16.654427,5.045702854,4.868401023,2002,5,1,1,82.68,273500
-73.6198453,45.5367667,5.997565164,12.71675719,5.815125326,6.051525077,2011,5,2,1,112.41,429000
-73.6005439,45.5204284,3.846099926,12.98346184,3.478576068,3.760419851,1910,7,3,1,108.14,479000
-73.5788602,45.5362325,3.618733972,15.31754769,4.122969699,4.075533468,1942,3,1,1,65.03,229000
-73.5446199,45.4979433,1.405634851,16.23163299,1.724829364,1.28565528,1989,4,1,1,133.78,499500
-73.5623049,45.5964963,9.784119087,20.49524439,10.71535707,10.5054184,2006,4,2,1,93.83,341995
-73.644857,45.4179437,12.32523402,9.618842378,10.99724341,11.45319295,2009,3,1,1,67.4,279000
-73.5449258,45.5572639,5.448026733,18.79567623,6.56698086,6.253485494,2012,4,2,1,69.68,265000
-73.58238124,45.47366528,4.475091513,12.91965253,3.196674918,3.602727715,2007,6,2,1,106.84,549000
-73.5741005,45.5511021,4.9661238,16.52730262,5.693432697,5.565046407,1922,7,2,1,92.9,278000
-73.5602333,45.4920789,1.908026361,14.90562662,1.02505871,1.106826428,2013,5,1,1,66.52,319000
-73.6255364,45.4725882,6.864147181,9.554899231,5.529630035,6.064660359,1998,3,1,1,65.5,285000
-73.5767344,45.4774865,3.892382929,13.39346994,2.645622189,3.023371046,1999,4,2,1,74.32,314000
-73.6309852,45.5518062,7.670773038,13.20536646,7.627525376,7.820963961,2009,4,2,2,114.55,374900
-73.6442712,45.5619155,9.18362911,13.39429592,9.154768081,9.347507917,1986,6,2,1,91.14,273000
-73.562056,45.4967098,1.469311773,14.87665285,0.519231999,0.612105205,2010,3,1,1,45.06,244000
-73.5359142,45.6124466,11.62353777,23.20148156,12.70931749,12.42052146,2010,6,3,1,97.08,284900
-73.5841929,45.6060792,11.07925649,20.14529545,11.85602746,11.72124449,2003,5,2,1,82.03,239000
-73.53383072,45.59091759,9.278342129,21.71154842,10.40617955,10.09232058,2008,10,2,1,92.62,243500
-73.5383047,45.4650907,5.002464578,16.32758424,4.478718676,4.443761693,1984,6,2,2,103.03,339000
-73.6127141,45.5185441,4.695857942,12.05027016,4.138730023,4.495773216,1932,10,4,1,137.5,699000
-73.5390965,45.473018,4.135911639,16.28498356,3.699959143,3.616145699,2010,4,2,2,104.05,522000
-73.5690992,45.5303953,2.680896056,15.66783986,3.366236844,3.231706138,1926,8,3,2,195.1,574000
-73.6719778,45.5233891,9.327919722,8.71655002,8.61325612,9.038951718,2001,3,1,1,74.32,230000
-73.6160206,45.5230343,5.080516055,12.08151594,4.61931396,4.947148014,2012,4,2,1,83.98,450000
-73.581169,45.474261,4.371182939,13.01857671,3.099645287,3.49943484,2006,5,2,1,97.55,399999
-73.5579861,45.5021354,0.789233944,15.33311395,0.699874652,0.161259753,1865,4,1,1,117.99,572000
-73.5494901,45.5569178,5.374428194,18.47662398,6.447355073,6.158207884,1998,5,2,1,93.92,338000
-73.5953945,45.5319527,4.127296546,13.96966399,4.188844257,4.31887961,2011,3,1,1,50.73,275000
-73.6098465,45.445718,8.241344934,10.97696233,6.934117557,7.367957468,2003,6,3,1,141.68,369000
-73.6702883,45.5366127,9.568597838,9.928357139,9.043192066,9.41021967,1985,5,1,1,75.72,195000
-73.5517914,45.5743273,7.300446977,19.46359803,8.324666722,8.064562605,1984,5,2,1,83.89,263500
-73.5500564,45.5142423,0.693230508,16.32311431,2.022973177,1.565211324,2014,5,2,2,120.77,599000
-73.5859159,45.5681246,7.057515009,16.98773512,7.705098872,7.620306242,2006,5,2,1,86.59,229500
-73.5384703,45.5560918,5.409484404,19.15182274,6.590321218,6.241794081,2007,4,1,1,72.65,317000
-73.6324551,45.5530711,7.848098356,13.22964809,7.808744894,8.001377439,2005,4,1,1,74.88,265000
-73.5477439,45.463205,5.082316997,15.59403023,4.363833628,4.422680051,1991,4,1,1,75.62,264500
-73.56579382,45.49489498,1.784101827,14.54717929,0.589943968,0.911159366,2007,4,2,1,74.97,389000
-73.6525274,45.4989082,7.746632004,8.286555848,6.704742796,7.215766986,2009,5,2,1,78,269000
-73.57207757,45.47703202,3.788861021,13.75021941,2.609704234,2.933722339,1999,1,1,1,85.94,320000
-73.6315396,45.5558849,7.994455232,13.50866034,8.001629427,8.177428787,1984,6,3,1,135.64,389000
-73.5248472,45.5923918,9.581784257,22.3557498,10.75520383,10.41480241,1985,5,2,1,72,199000
-73.5852016,45.4816069,3.865720247,12.79143258,2.526652561,3.000319096,2007,7,2,1,93.46,377000
-73.5471432,45.4605789,5.377535102,15.64910599,4.654955793,4.71793262,1997,5,2,2,105.26,449000
-73.60364196,45.43776452,8.781759625,11.65589449,7.519386748,7.913497089,1987,4,2,1,101.26,295000
-73.53489702,45.59117443,9.292756632,21.66623885,10.41392397,10.1038648,2009,6,2,1,82.8,259200
-73.5576624,45.525554,1.895182011,16.23729665,2.905081416,2.622135008,1987,5,2,1,93.37,269000
-73.56662437,45.50478902,1.067428454,14.76855586,0.5130089,0.597072128,2009,4,2,1,72.09,398000
-73.612084,45.5634467,7.58003025,15.15845146,7.879909357,7.941186368,1943,6,2,1,113.5,309000
-73.5365806,45.572433,7.217871288,20.28227628,8.366166087,8.038818475,2004,4,2,1,91.23,255000
-73.62871442,45.46940431,7.273672824,9.28567043,5.934353569,6.466536902,1999,5,2,1,91.04,370900
-73.6256303,45.5168038,5.645316395,11.08178063,4.96344328,5.367799061,2005,5,2,1,89.09,375000
-73.6072847,45.4954801,4.396833993,11.43550511,3.219844829,3.752832979,2012,2,2,2,120.77,529000
-73.6702075,45.5254856,9.236278566,8.981650524,8.555436298,8.970753181,2006,4,2,2,81.75,285000
-73.56283307,45.50549724,0.767000504,15.07412099,0.657772543,0.442166325,2005,3,1,1,66.89,340000
-73.5507543,45.4632091,5.064331276,15.35928762,4.290367698,4.377317555,1988,6,3,1,113.99,400000
-73.5631536,45.54939,4.579809554,17.12838166,5.478627554,5.271516757,1990,5,3,1,102.19,399000
-73.562104,45.507557,0.635572882,15.19680719,0.889963811,0.634862797,1986,2,2,1,83.98,349000
-73.5621951,45.4617737,5.255107287,14.47131103,4.283432965,4.479641527,1995,5,2,1,105.35,429000
-73.5558814,45.46066,5.342798577,14.96774577,4.471578127,4.611822169,1990,4,1,1,67.73,269000
-73.6256847,45.4724806,6.88052654,9.542426357,5.545891118,6.080856132,2013,3,1,1,74.23,345000
-73.587765,45.4395837,8.120289409,12.80630951,6.938243028,7.272470514,2005,5,2,1,90.77,324900
-73.6287894,45.5537997,7.680807536,13.48385069,7.68660043,7.861813547,1984,5,2,1,85.47,279000
-73.58546794,45.4809674,3.934247278,12.76127278,2.596844784,3.067874427,2011,3,1,1,57.79,275000
-73.6150162,45.5417805,6.004043782,13.35928703,5.973031812,6.154079401,2007,3,1,1,65.1,229600
-73.5355584,45.5595981,5.841939432,19.55032474,7.03384253,6.67930638,1906,7,2,1,125.6,409000
-73.54420853,45.5524402,4.925249746,18.55887754,6.065858979,5.739374957,2009,5,2,1,101.1,312900
-73.565424,45.4948956,1.769506099,14.57530108,0.593335147,0.897287979,2007,4,2,1,82.68,439000
-73.6194348,45.5075488,5.092063309,11.02740696,4.204468639,4.668391568,1929,8,4,1,134.71,576000
-73.5500564,45.5142423,0.693230508,16.32311431,2.022973177,1.565211324,2009,4,1,1,65.03,374000
-73.57686985,45.47755045,3.890847036,13.38365044,2.642046866,3.021519633,1999,5,2,1,83.71,372000
-73.5494676,45.4497285,6.566527772,15.56050136,5.764931025,5.874123517,2005,5,2,1,97.55,380000
-73.5661919,45.4953172,1.760288002,14.52745284,0.540878762,0.886926456,2006,4,2,1,74,419000
-73.5167026,45.6071176,11.32523194,23.89441024,12.50802624,12.16265886,2012,4,2,1,87.33,275000
-73.5350223,45.5883806,8.984675919,21.4602633,10.10998541,9.797347858,2006,5,2,1,86.2,259900
-73.652128,45.4987453,7.718401597,8.306417256,6.674038052,7.185584103,2009,4,2,1,79,295000
-73.62270046,45.50824843,5.345149973,10.83087151,4.469305847,4.93106667,1935,7,3,2,151.4,629000
-73.58357795,45.45482131,6.415677163,12.85484851,5.215634587,5.560868494,1991,5,2,1,65.03,198000
-73.5474666,45.4677101,4.586416891,15.61421705,3.903693449,3.940481919,2005,8,2,1,89.19,340000
-73.57565064,45.46365648,5.281851426,13.41707953,4.122706092,4.437108928,2012,7,3,1,78.97,319900
-73.5811141,45.4746384,4.332389556,13.02594302,3.05907553,3.46042469,2007,4,2,1,116.13,675000
-73.6302,45.5920135,10.99734695,16.76467826,11.35226028,11.39962206,2010,4,2,1,81.57,199900
-73.5813023,45.518525,2.384183137,14.23705726,2.343026501,2.470997664,2005,1,1,1,85.66,422500
-73.5494282,45.4498277,6.555684368,15.56228719,5.75490881,5.86363556,2006,7,1,1,92.9,399000
-73.6520209,45.5580028,9.392810002,12.68558831,9.25769464,9.48995719,2003,4,2,1,80.18,250000
-73.55558099,45.4605095,5.35897575,14.99181104,4.492411325,4.630219067,1990,4,1,1,83.61,319000
-73.5338815,45.5907956,9.264302804,21.6998288,10.39206033,10.0782369,2008,4,2,1,92.9,254900
-73.5817227,45.4774049,4.090994663,13.00552242,2.795645732,3.217614079,2012,4,2,1,75.72,289000
-73.55475234,45.4480287,6.745736833,15.17459407,5.870664586,6.019083507,2009,4,1,1,62.71,312000
-73.5948456,45.5301379,3.969699593,13.90108558,3.996327135,4.137293359,2003,6,3,1,115.2,439000
-73.5508035,45.4627057,5.120038359,15.35662543,4.342944313,4.431905304,1988,6,2,1,118.08,407000
-73.5594213,45.44883032,6.669280925,14.80191063,5.736146662,5.915960005,2013,6,2,2,100.15,495000
-73.54930401,45.44970668,6.569665572,15.57345717,5.770246017,5.878330292,2006,5,2,2,177.44,895000
-73.62886906,45.50054186,5.89609286,10.04012932,4.859472435,5.366025311,1952,5,1,1,70.79,249999
-73.66566085,45.44225601,11.41161587,6.906981323,10.06197051,10.58286277,2010,3,1,1,48.12,150000
-73.6324626,45.4333634,10.36774651,9.679034484,9.035374353,9.496832316,1989,8,3,1,121.61,352000
-73.5508317,45.463012,5.085911849,15.3536879,4.309654279,4.397943234,1987,6,3,1,99.87,387000
-73.58588746,45.49773188,2.760144581,13.10674555,1.533751073,2.069702279,1963,5,2,2,150.97,729000
-73.6061496,45.5195788,4.231595123,12.55388143,3.767106142,4.087878903,1912,7,3,1,111.48,699000
-73.5470314,45.6149769,11.83108521,22.79802884,12.85514024,12.59973472,1986,3,1,1,59.09,179000
-73.6677799,45.535718,9.351588461,9.970443388,8.82395335,9.191264005,2008,4,2,2,83.61,299000
-73.5557202,45.461996,5.193974334,14.97532612,4.328112995,4.464579704,1989,4,1,1,72.74,299000
-73.6162781,45.4411606,8.93786978,10.60543253,7.623475502,8.06458761,1997,6,2,1,96.8,292800
-73.6364597,45.5410997,7.358017356,12.05969249,7.099152163,7.369431488,2000,5,2,2,120.5,385000
-73.6087982,45.5303565,4.894549443,12.99481189,4.702522414,4.934176698,2011,5,2,1,92.07,355000
-73.53589585,45.61307553,11.69312555,23.25167199,12.77828181,12.48986818,2010,5,2,1,85.94,224500
-73.53530288,45.58817327,8.958342908,21.42875923,10.08233192,9.770423044,2006,4,2,1,86.21,244500
-73.62504748,45.51111464,5.534229534,10.81157111,4.720428211,5.164858274,2006,8,4,2,210.43,801000
-73.5461234,45.5414493,3.695111006,17.82372866,4.856704332,4.515298052,1910,9,3,1,119.38,439000
-73.5501765,45.4646529,4.906618627,15.40211099,4.15041186,4.22704229,1996,11,2,2,105.44,429000
-73.5595213,45.495571,1.518800352,15.04061014,0.748163545,0.719611175,2012,5,2,1,89.19,449000
-73.570291,45.5309272,2.775180537,15.61272024,3.431977995,3.310596731,1927,11,4,2,223.43,819000
-73.5505152,45.5133341,0.587219782,16.25629066,1.92256948,1.459952377,2011,5,1,1,70.42,409000
-73.5934695,45.4745839,4.878269018,12.06503374,3.537179738,4.012752895,2011,5,3,1,103.12,374000
-73.61252739,45.44357189,8.554532049,10.82416024,7.244699939,7.681145885,1998,5,2,1,114.27,320000
-73.5689016,45.5027299,1.329759951,14.53268372,0.339258908,0.694194073,2013,6,2,2,104.33,639000
-73.5865657,45.5655303,6.806803461,16.75792981,7.432915229,7.356555356,2003,5,2,1,102.19,375000
-73.5651552,45.4927483,1.970868135,14.54472567,0.832744793,1.106332935,2002,5,2,1,102.19,374900
-73.6537971,45.5000145,7.82842479,8.254167661,6.802175577,7.309729735,2008,3,1,1,69.96,219000
-73.5859396,45.5726048,7.526602451,17.32400972,8.194516198,8.102265618,2009,5,3,1,102.8,334500
-73.5644741,45.493768,1.845682333,14.62035413,0.730162245,0.981479946,2004,5,2,1,72.65,315900
-73.6321623,45.5529358,7.820909858,13.23411685,7.782417091,7.974634699,2004,3,1,1,57.97,214000
-73.5689016,45.5027299,1.329759951,14.53268372,0.339258908,0.694194073,2013,3,1,1,68.75,350000
-73.5859396,45.5726048,7.526602451,17.32400972,8.194516198,8.102265618,2009,5,2,1,78.13,299000
-73.5588682,45.5975998,9.892934404,20.77107789,10.84940639,10.62705296,2001,6,3,2,127.46,399000
-73.6097879,45.4245064,10.31904641,11.69068007,9.06551531,9.452972013,1987,4,2,1,85.47,294000
-73.5585556,45.4851038,2.645769448,14.90281447,1.787237256,1.885930645,2011,5,3,1,116.04,425000
-73.54911089,45.44981466,6.558555991,15.58704284,5.762097729,5.868615735,2005,6,2,2,136.57,699000
-73.5704941,45.5067198,1.295429403,14.54620745,0.790808491,0.966532143,2007,6,2,2,74.32,498000
-73.581169,45.474261,4.371182939,13.01857671,3.099645287,3.49943484,2006,5,2,1,88.5,375000
-73.5481073,45.4520799,6.312454224,15.638134,5.537386065,5.631931184,1988,6,3,2,151.8,820000
-73.5167026,45.6071176,11.32523194,23.89441024,12.50802624,12.16265886,2012,4,2,1,82.68,282000
-73.54301543,45.54663673,4.306779149,18.31340979,5.481114995,5.134286316,2008,5,2,1,105.35,329000
-73.5646516,45.494652,1.764220184,14.62805479,0.631267322,0.895568656,2005,3,2,1,75.44,335000
-73.5558814,45.46066,5.342798577,14.96774577,4.471578127,4.611822169,1990,5,2,2,99.5,397000
-73.55516195,45.49700741,1.301947988,15.40739884,0.952779335,0.676232718,2010,1,1,1,61.97,269000
-73.6314981,45.4771661,6.976832957,9.148268438,5.67478093,6.218082443,1999,4,2,1,90.4,299000
-73.5859396,45.5726048,7.526602451,17.32400972,8.194516198,8.102265618,2009,4,2,1,85.1,299000
-73.5537507,45.5735846,7.215682262,19.29275435,8.223030023,7.971398792,1988,4,2,1,105.1,349000
-73.5330986,45.5995613,10.23570187,22.38176617,11.35343935,11.04595569,1883,7,3,1,127,299000
-73.5607294,45.4955762,1.547041396,14.94889161,0.682127438,0.719802541,2005,1,1,1,81.7,350000
-73.6217613,45.5177836,5.367336056,11.39664615,4.729015776,5.117823938,1939,7,2,1,107.95,508000
-73.5466101,45.4671484,4.656393164,15.68030869,3.987044947,4.017898075,2001,6,2,1,104.24,425000
-73.5494107,45.4497643,6.56279925,15.56445224,5.762083104,5.870807445,2006,4,2,1,92.9,378000
-73.6520938,45.4987644,7.715458365,8.309747057,6.671321882,7.182813148,2010,6,2,1,93.55,375000
-73.61113453,45.42391308,10.42331172,11.62035562,9.166138311,9.556486545,2007,6,3,2,120.77,354000
-73.5892223,45.5338305,3.910994885,14.48851839,4.139188673,4.203350023,2008,3,1,1,67.82,233000
-73.5735404,45.4817315,3.358773195,13.69431323,2.1226884,2.490228778,2004,7,1,2,142.51,749000
-73.6348805,45.4848793,6.829589806,9.049682285,5.593445523,6.136703755,1932,6,2,1,116.13,424500
-73.5400613,45.4640659,5.081723766,16.19160956,4.514130857,4.500071778,1984,7,2,2,138.52,569000
-73.5478214,45.4679316,4.558888259,15.58689601,3.870424377,3.909795915,2005,5,2,2,108.14,489000
-73.5821486,45.5943145,9.767799546,19.25656013,10.53823533,10.4046381,2007,3,1,1,64.2,234900
-73.5719887,45.5204369,1.909396593,14.98622922,2.292857337,2.248049337,1985,4,2,1,95.69,369000
-73.58928242,45.53527588,4.03058808,14.56911277,4.286970192,4.341856031,2009,4,1,1,78.78,323450
-73.5350759,45.5907435,9.24322481,21.62478515,10.36407411,10.05415854,2010,7,4,2,120.77,349900
-73.54908943,45.46777579,4.566581012,15.48777512,3.850492141,3.903778644,2005,5,1,1,87.14,389000
-73.54046345,45.46365235,5.120032198,16.16088641,4.540973371,4.532582891,1988,6,3,2,151.43,625000
-73.5293258,45.5575416,5.764599791,19.84417371,7.005940004,6.620138946,2007,4,2,1,89.19,284000
-73.6150889,45.4416412,8.84280779,10.68155645,7.530453721,7.969459972,1996,8,2,1,94.76,339000
-73.5614692,45.5103392,0.601926123,15.3409003,1.1966815,0.930315817,2006,6,3,2,78.78,335000
-73.5609864,45.5112022,0.60408784,15.40766512,1.299683711,1.022287464,2012,3,1,1,56,249999
-73.67199898,45.53357259,9.592090563,9.57945342,9.018365192,9.400963278,2011,4,2,1,91.6,269000
-73.5814163,45.5393583,4.018967499,15.32937286,4.508799485,4.471866081,1930,7,4,1,146.32,478600
-73.6246635,45.5167913,5.570739765,11.14583278,4.893082805,5.295695271,2002,4,2,1,118.17,469000
-73.58718903,45.60530365,11.04703066,19.93142568,11.7999278,11.67609204,1988,5,2,1,88.74,254900
-73.6083851,45.4252262,10.20060771,11.76053881,8.950785354,9.335320443,2008,6,3,2,109.35,339000
-73.5885534,45.5696993,7.294735062,16.95467412,7.918837228,7.8449476,2009,6,1,1,65.03,207500
-73.5947564,45.4619325,6.088957807,11.93267397,4.788511906,5.215628366,2011,5,2,1,95.32,252700
-73.547744,45.463205,5.082316235,15.59402243,4.363831012,4.422678359,1991,5,2,1,89.09,299000
-73.572379,45.4946089,2.116517142,14.03990813,0.769245131,1.266756542,2000,5,2,2,107.3,549000
-73.5534963,45.5730785,7.15951192,19.27341478,8.169607357,7.9164835,1984,5,2,1,92.9,265000
-73.65288,45.500091,7.75644513,8.321529354,6.730677537,7.238024958,2008,4,1,1,64.47,219000
-73.55185747,45.57148467,6.984331016,19.26523599,8.010983514,7.749100478,2012,3,1,1,58.16,295000
-73.54310274,45.45885885,5.607351827,15.97220136,4.943739072,4.979146195,1981,8,2,2,95.41,280000
-73.57688185,45.52703401,2.703145655,14.95781017,3.093686384,3.073915319,1914,4,2,1,106.84,479000
-73.5449012,45.5524422,4.917308746,18.51290287,6.050832002,5.728233047,2009,5,2,1,92.07,286500
-73.6051331,45.5395403,5.250234457,13.81449434,5.311238834,5.452682458,2011,4,2,1,94.48,349900
-73.5938713,45.4747956,4.879818032,12.0357437,3.537059467,4.015370504,2011,3,1,1,69.03,264999
-73.569653,45.4920588,2.210981418,14.18585744,0.935041515,1.33791835,2003,5,2,1,87.33,385000
-73.5633531,45.5504183,4.695180487,17.17767177,5.592133585,5.386460676,1988,5,3,2,98.48,402900
-73.561664,45.595528,9.673518781,20.45439226,10.60939972,10.39704053,2005,7,2,1,113.99,359500
-73.59545495,45.53414726,4.287926211,14.09574402,4.399028606,4.512392334,2004,5,2,1,73.21,282400
-73.5815787,45.487494,3.184298904,13.17523574,1.834753175,2.330041315,1983,5,2,1,82.68,325000
-73.539902,45.46646,4.824940021,16.20291673,4.285047895,4.255886683,1987,5,2,1,96.43,339000
-73.5561887,45.51533626,0.756247255,15.91444229,1.868126119,1.509656088,1995,6,1,1,83.8,349000
-73.5726109,45.4477747,6.925668634,13.79863966,5.846082,6.112116173,1998,5,1,1,87.33,289500
-73.586707,45.5209469,2.882237169,13.97050501,2.794416328,2.956045498,2001,5,3,2,117.06,490000
-73.53497116,45.59083134,9.254175717,21.63730467,10.37549314,10.06532072,2008,5,2,1,102.84,259000
-73.54949457,45.46215408,5.187377541,15.46019313,4.431316443,4.509937392,1988,6,2,1,95.23,329000
-73.6301102,45.4724847,7.1628431,9.198485851,5.835713727,6.373630535,1937,7,3,1,126.35,510000
-73.54937054,45.52683062,2.050357093,16.88536056,3.251163639,2.880298543,2007,4,2,1,91.4,284500
-73.6123706,45.5238776,4.843181144,12.37278532,4.439614487,4.745622257,2002,7,3,2,133.9,485000
-73.6305143,45.5920596,11.01486412,16.75562395,11.36757942,11.41586469,2010,4,1,1,60.94,159500
-73.5505152,45.5133341,0.587219782,16.25629066,1.92256948,1.459952377,2012,6,2,1,120.96,669000
-73.5961252,45.5324948,4.209437501,13.95326459,4.270291475,4.401610999,2010,4,2,1,88.16,435000
-73.6090339,45.4335195,9.392201365,11.39072847,8.119573577,8.522265803,1992,6,4,2,153.29,379000
-73.55016357,45.46414246,4.963329723,15.40371654,4.204772796,4.283046014,1994,4,1,1,76.65,329000
-73.5429842,45.5461294,4.252025398,18.28793334,5.428800414,5.080449354,2006,5,3,1,107.77,335000
-73.6076008,45.529807,4.783291539,13.03918034,4.593634565,4.823388075,2008,6,2,3,130.99,549000
-73.5609812,45.5942043,9.523472397,20.38878854,10.4643627,10.24934865,1994,3,1,1,62.62,178000
-73.6238678,45.5107888,5.440758422,10.87623096,4.622290849,5.067662052,2006,7,4,2,170.01,658800
-73.5535194,45.5740621,7.268869224,19.3398594,8.277922116,8.025515831,1987,5,2,1,89.84,275000
-73.5653027,45.5477842,4.433327193,16.89103806,5.294639657,5.103842862,2001,5,2,1,104.33,410000
-73.6111225,45.5316878,5.125151565,12.92767097,4.93506594,5.16803777,2009,2,1,2,92.9,389900
-73.5622015,45.4617385,5.259052958,14.47093481,4.287295686,4.483571503,1995,4,2,1,109.25,429000
-73.5352092,45.6133457,11.72953209,23.31075928,12.81785622,12.52770931,2010,4,2,1,90.12,224500
-73.5762766,45.45622,6.085252365,13.40861752,4.946526161,5.248811459,2008,5,2,1,95.04,289900
-73.5475387,45.5578887,5.494221883,18.662875,6.585494592,6.286978705,1989,7,2,1,93.65,325000
-73.6520209,45.5580028,9.392810002,12.68558831,9.25769464,9.48995719,2003,5,2,1,85.01,319900
-73.5401277,45.4689111,4.555850858,16.18870939,4.039729122,3.996959175,2012,5,2,2,115.66,545000
-73.5505152,45.5133341,0.587219782,16.25629066,1.92256948,1.459952377,2002,5,2,1,95.97,399000
-73.6187103,45.5491335,6.748608021,13.6781829,6.794555567,6.950797368,1990,5,2,1,72.84,229500
-73.5346531,45.5913801,9.318397445,21.69548058,10.44064371,10.12999199,2009,4,2,1,92.9,225000
-73.619827,45.5367974,5.998124525,12.71999419,5.816495333,6.052606273,2010,4,2,1,77.11,369000
-73.5631893,45.5045325,0.845312397,15.01648555,0.549584376,0.370356554,2002,3,1,1,73.77,269500
-73.5839291,45.4801258,3.936015394,12.86828679,2.610018224,3.065634812,2012,5,2,2,86.12,399000
-73.5668425,45.5452926,4.18881455,16.64145676,5.016799942,4.839377552,2003,3,1,1,79.9,269500
-73.5497638,45.5371737,3.184974558,17.35185925,4.316130085,3.988911754,2012,5,2,1,69.21,265000
-73.6738786,45.5062795,9.33704021,7.312124266,8.394267009,8.883431269,2011,6,2,1,91.6,299900
-73.5866254,45.5365092,3.997933438,14.8172928,4.333119757,4.357086073,2008,3,1,1,63.55,279000
-73.5318495,45.5869935,8.877523302,21.55492413,10.02414468,9.699189252,2006,7,2,1,95.32,259900
-73.5788009,45.5605252,6.075869197,16.8626894,6.778368484,6.666126577,2005,4,2,1,89.65,308000
-73.5559214,45.5153749,0.756283448,15.93547055,1.881056223,1.518143967,1995,3,1,1,57.6,245999
-73.5939282,45.5180405,3.272029591,13.32320601,2.91676491,3.183986502,1908,5,2,1,89.1,429000
-73.6069657,45.5368839,5.175134337,13.52512615,5.156608046,5.327202299,2006,5,2,1,78.6,323888
-73.6503913,45.5001025,7.563852861,8.494874784,6.536712638,7.044114297,2009,4,2,1,77.5,274500
-73.53267065,45.58759247,8.930676702,21.54683551,10.07137101,9.749887024,2005,6,2,1,88.26,241000
-73.652128,45.4987453,7.718401597,8.306417256,6.674038052,7.185584103,2010,5,2,1,79.5,278000
-73.566599,45.54573653,4.232388545,16.6837656,5.06610353,4.886430026,2002,5,2,1,79.9,278500
-73.5628288,45.5492212,4.557425421,17.13947346,5.461153319,5.251663078,1988,8,3,1,98.85,360000
-73.66134,45.5532224,9.709934054,11.83218196,9.452674212,9.729278329,2009,4,2,1,81.75,299000
-73.568731,45.5752472,7.487581858,18.51406774,8.349312622,8.169185573,2006,5,2,1,94.95,254000
-73.6235718,45.5340174,6.10039571,12.29955886,5.824024648,6.094552707,2003,6,3,1,104.98,425000
-73.5437259,45.5510134,4.774845938,18.50936317,5.925198516,5.592968825,2005,4,1,1,71.54,239000
-73.530569,45.6111362,11.53768189,23.39841358,12.65174912,12.34706794,2011,6,3,1,95.32,268800
-73.56709,45.511371,1.054331281,14.9654291,1.245619482,1.174459744,1907,5,1,1,62.25,299000
-73.581169,45.474261,4.371182939,13.01857671,3.099645287,3.49943484,2006,6,2,2,130.62,714000
-73.59269142,45.5324772,4.003649325,14.17949702,4.130209775,4.2342103,2005,6,3,1,97.7,423000
-73.55374319,45.55278844,4.903283859,17.9491337,5.934301752,5.665202009,2002,6,2,1,95.32,289000
-73.5630289,45.5496334,4.605078579,17.15122903,5.506132783,5.298118858,1988,6,2,1,85.66,309000
-73.5453272,45.5542614,5.112967935,18.59073393,6.236504273,5.919803863,2004,1,1,1,96.71,325000
-73.6189801,45.5002532,5.141735212,10.7439362,4.088605244,4.597031694,1947,8,4,2,173.73,719000
-73.55415153,45.44808891,6.738856978,15.22019279,5.871564452,6.015804273,2009,4,4,2,95.69,455000
-73.5405805,45.4644019,5.036614667,16.15070028,4.462438857,4.451073835,1987,5,2,1,103.22,296500
-73.5407221,45.4645412,5.019162407,16.13950847,4.44362818,4.43275063,1987,5,2,1,103.22,287000
-73.543712,45.5454466,4.166331969,18.20145292,5.338263462,4.992457453,2006,4,2,1,83.61,267000
-73.5501152,45.5110112,0.404206673,16.20388265,1.756688567,1.263438853,2000,6,2,1,119.29,629000
-73.55430558,45.56894002,6.699191301,18.94198337,7.705170253,7.453274027,2011,3,1,1,58.16,230000
-73.5086779,45.5876274,9.463317369,23.03198591,10.71681552,10.32438995,2012,4,2,1,72.19,226000
-73.5953945,45.5319527,4.127296546,13.96966399,4.188844257,4.31887961,2011,4,2,1,79.6,375000
-73.5664186,45.5459429,4.251533041,16.70788144,5.089053219,4.90781173,2002,5,2,1,79.9,266900
-73.6087407,45.53057546,4.90268099,13.01201274,4.716798225,4.946310623,2011,4,2,1,83.61,359000
-73.5647817,45.552639,4.956776582,17.22187254,5.835190916,5.639300763,1999,5,2,1,99.03,325000
-73.5658388,45.521331,1.67628179,15.46489162,2.352927491,2.192845305,1983,5,2,2,129.14,375000
-73.6069194,45.5294605,4.718143735,13.0627497,4.529024691,4.757947622,2012,4,2,1,78.97,359000
-73.5640302,45.5434663,3.943087412,16.72171029,4.817568377,4.617706793,2008,7,2,1,124.49,459000
-73.5529087,45.5243224,1.740442267,16.52156935,2.886844063,2.540273022,1987,3,1,1,64.38,215000
-73.5439104,45.4646343,4.963204663,15.89078168,4.327333954,4.3446264,1987,7,2,1,127.74,434000
-73.6186449,45.5059854,5.037993145,11.01150265,4.113305302,4.587528663,1939,7,3,2,157.94,655000
-73.6174142,45.5417387,6.149959288,13.21222683,6.089399563,6.282243513,2004,7,3,1,138.89,534500
-73.5323313,45.5874209,8.916924816,21.55542492,10.05992281,9.737097176,2006,7,2,1,86.31,244000
-73.5839291,45.4801258,3.936015394,12.86828679,2.610018224,3.065634812,2012,7,2,2,107.77,619000
-73.5346531,45.5913801,9.318397445,21.69548058,10.44064371,10.12999199,2008,7,2,1,92.9,239500
-73.5661751,45.5440925,4.046900511,16.61524046,4.88336592,4.701194212,2006,4,2,1,97.18,395000
-73.6463324,45.5619872,9.312036264,13.3047236,9.267676181,9.466488869,1986,6,2,1,91.51,268500
-73.6217969,45.5295142,5.759358447,12.10880868,5.403024125,5.699530507,2004,4,1,1,91.6,275000
-73.52433152,45.59299807,9.656837979,22.42936783,10.83160239,10.4904263,1985,4,1,1,59.46,174900
-73.5678544,45.489596,2.378355548,14.26983711,1.181031105,1.510702363,1986,5,2,1,84.26,319000
-73.6309852,45.5518062,7.670773038,13.20536646,7.627525376,7.820963961,2009,6,1,1,57.41,234900
-73.6416185,45.4165055,12.31480935,9.917889284,10.99398408,11.44182268,2002,4,2,1,92.44,309000
-73.6083851,45.4252262,10.20060771,11.76053881,8.950785354,9.335320443,2004,5,2,1,85.6,269000
-73.581169,45.474261,4.371182939,13.01857671,3.099645287,3.49943484,2004,5,2,1,96.15,419000
-73.6483927,45.5625075,9.472787141,13.25700169,9.418561251,9.621415419,1983,7,3,1,123.84,369000
-73.58928528,45.53457944,3.974309913,14.52800519,4.216687043,4.27624414,2009,4,2,1,89.65,418000
-73.6145929,45.5215275,4.923933303,12.0893885,4.43496947,4.770984176,1923,6,3,1,119.75,550000
-73.6694172,45.5214875,9.096251467,8.700898299,8.360869984,8.792332143,1989,6,3,2,141.25,460000
-73.6162059,45.549475,6.630322087,13.84770095,6.71061486,6.853293622,2011,4,1,1,60,197000
-73.5357811,45.6121897,11.59645626,23.18880115,12.68321171,12.39386141,2009,3,1,1,47.19,167900
-73.562467,45.548129,4.433146248,17.09787034,5.341470664,5.129209743,1989,6,2,1,93.46,285000
-73.6309852,45.5518062,7.670773038,13.20536646,7.627525376,7.820963961,2009,5,1,1,61.5,239900
-73.623859,45.5335658,6.097331163,12.25099315,5.808912089,6.083673841,2000,5,1,1,105.07,418000
-73.61790419,45.53268764,5.640966602,12.561694,5.394245527,5.651394144,2006,2,1,2,90.12,390000
-73.6535064,45.4971024,7.852748545,8.130130539,6.788279736,7.304415177,2012,3,1,1,59.37,218000
-73.5640302,45.5434663,3.943087412,16.72171029,4.817568377,4.617706793,2008,6,2,1,113.16,399000
-73.5961252,45.5324948,4.209437501,13.95326459,4.270291475,4.401610999,2010,3,1,1,70.61,323000
-73.5859396,45.5726048,7.526602451,17.32400972,8.194516198,8.102265618,2009,5,2,1,88.7,245000
-73.5912724,45.5424605,4.74123895,14.88076784,5.081918641,5.11133649,1929,7,4,2,116.13,159000
-73.58008202,45.58593363,8.823683262,18.68764112,9.594126149,9.458966629,2008,5,2,1,98.57,309500
-73.5790087,45.5076971,1.943371605,13.95339482,1.283225293,1.60615103,1874,5,1,1,85.47,385000
-73.6230638,45.5348271,6.107601853,12.38634474,5.852723852,6.115681818,2004,5,3,1,107.3,445000
-73.5536176,45.5527094,4.894562141,17.95264411,5.927288897,5.657304503,2003,4,2,1,96.62,299000
-73.6518877,45.498928,7.696963841,8.332202889,6.654849405,7.165861318,2009,6,3,1,100.3,334000
-73.5338815,45.5907956,9.264302804,21.6998288,10.39206033,10.0782369,2008,4,2,1,92.9,239000
-73.5404609,45.4610184,5.406908054,16.16821133,4.804804829,4.809430541,1978,4,2,2,104.79,349000
-73.6083851,45.4252262,10.20060771,11.76053881,8.950785354,9.335320443,2008,5,2,1,85.9,309000
-73.6201673,45.5364212,5.999177907,12.67325202,5.806353082,6.046501395,2006,3,2,2,107.58,499000
-73.5576307,45.5425694,3.776863211,17.10050557,4.764532204,4.511492057,2013,4,1,1,65.4,238500
-73.5380159,45.47383579,4.073919963,16.37380656,3.676405669,3.574951756,2012,4,2,2,104.05,510000
-73.6235251,45.5409773,6.490711966,12.79443245,6.348843847,6.573312808,1924,7,3,1,104.05,319000
-73.5576171,45.5726046,7.111901943,18.98946395,8.083489474,7.849602529,2011,5,2,1,83.61,435000
-73.54956486,45.52655404,2.0174006,16.85916247,3.216905438,2.846487524,2007,5,1,1,85.47,300000
-73.6602813,45.4603086,9.871850436,6.841514549,8.549231542,9.087852096,1981,3,1,1,522.3,175000
-73.55479717,45.45946841,5.473775253,15.05790412,4.617829632,4.750540597,1992,4,1,1,68.01,264000
-73.5576171,45.5726046,7.111901943,18.98946395,8.083489474,7.849602529,2011,5,2,2,83.61,425000
-73.5491277,45.5447023,4.022834053,17.79316399,5.133159789,4.820416339,2009,5,2,1,114.18,310000
-73.5813303,45.5334206,3.472376604,14.9933164,3.872550003,3.864048526,1920,6,3,1,102.19,379000
-73.5788432,45.5613887,6.168047957,16.92026193,6.873895974,6.760553289,2004,4,2,1,102.38,304900
-73.5548461,45.4988645,1.094370341,15.47906077,0.921456048,0.537162675,2003,3,1,1,87.24,449900
-73.636351,45.5410986,7.350575554,12.06569705,7.092575682,7.362520294,2001,5,2,1,85.01,335000
-73.5623076,45.5463644,4.23726898,17.00421688,5.14638952,4.932674425,2005,8,4,2,148.18,454000
-73.6738786,45.5062795,9.33704021,7.312124266,8.394267009,8.883431269,2011,6,2,1,80.36,264000
-73.5861152,45.5727751,7.548988315,17.32705591,8.215657399,8.124013785,2009,5,2,1,98.11,260000
-73.58406544,45.52299171,2.824053772,14.2556734,2.88192136,2.988892782,1999,7,2,2,99.96,469000
-73.5774325,45.5455423,4.482176442,15.96406245,5.115638403,5.024066578,2004,5,2,1,88.26,355000
-73.65242958,45.49848138,7.745927815,8.272376506,6.698313031,7.210622167,2009,5,2,1,78.4,268000
-73.5665156,45.5457713,4.234663994,16.69132168,5.069966052,4.889601562,2002,5,2,1,103.96,439900
-73.5661751,45.5440925,4.046900511,16.61524046,4.88336592,4.701194212,2007,4,2,1,106.37,394900
-73.5465277,45.5421387,3.765626423,17.83230167,4.919139414,4.582401597,2004,6,2,1,138.33,439000
-73.623318,45.534412,6.103281697,12.34221293,5.83745345,6.104268855,2003,5,3,1,107.3,399000
-73.5539859,45.5742739,7.292280952,19.3261294,8.296943107,8.046805378,1987,5,2,1,116.13,346900
-73.5871439,45.4394844,8.115239347,12.85600975,6.937578943,7.268790065,2006,3,1,1,74.32,237000
-73.55517093,45.57039655,6.861629798,18.98713197,7.858046454,7.611283858,2011,3,2,1,64.66,275000
-73.53079281,45.58622631,8.81046618,21.56615949,9.964685273,9.635246967,2009,5,2,1,83.61,234500
-73.5861152,45.5727751,7.548988315,17.32705591,8.215657399,8.124013785,2009,4,2,1,96.25,250000
-73.6170533,45.5071951,4.907734567,11.17971537,4.014779524,4.479277961,1930,7,4,1,144.93,579000
-73.6119525,45.4698671,6.24249929,10.59375951,4.889053896,5.40030684,2008,4,2,1,77.39,269900
-73.5881856,45.5348311,3.936340106,14.61557538,4.206984182,4.255185226,2005,8,3,1,125.51,539000
-73.6241912,45.540345,6.495670305,12.7092266,6.335508798,6.56663305,1928,8,4,1,139.35,519000
-73.680553,45.4974951,9.932423756,6.315995684,8.892634134,9.405287034,2010,4,1,1,83.61,239900
-73.5778111,45.5376875,3.715333024,15.47078893,4.262846418,4.199255361,1929,9,3,2,128.21,495900
-73.547275,45.469211,4.422406077,15.6322443,3.755826915,3.782973599,2005,4,2,1,138.43,699000
-73.5278081,45.5698693,7.104260602,20.6796081,8.315468722,7.950200615,2009,4,2,1,62.8,209900
-73.5617502,45.547737,4.382103684,17.12182337,5.301580269,5.083889789,1989,4,2,1,103.31,314900
-73.6115315,45.423706,10.45736404,11.60123817,9.199217405,9.590344032,2007,6,3,2,102.19,369000
-73.6166513,45.5427313,6.169460702,13.32856572,6.135558119,6.31864991,2005,6,3,1,104.05,369000
-73.5855077,45.5611369,6.32352088,16.50176447,6.938027633,6.864811063,1953,6,2,1,85.84,199000
-73.632421,45.5530644,7.845564827,13.23090477,7.806436771,7.998976845,2006,5,2,1,83.15,319000
-73.6181207,45.5329248,5.668312915,12.56377024,5.424439278,5.680758086,2010,4,2,1,78.97,349900
-73.56110923,45.49564191,1.550320013,14.92164225,0.657290739,0.715325419,2007,3,1,1,73.86,269000
-73.6421432,45.5451772,7.96787819,12.07308772,7.729746595,7.994884027,2001,4,2,1,79.71,279000
-73.5790726,45.5265269,2.777589341,14.78021136,3.089022536,3.100887283,1997,6,2,1,111.11,479000
-73.5852885,45.4815435,3.875459865,12.7837546,2.536318664,3.010082625,2007,4,1,1,62.34,284000
-73.62047911,45.48632752,5.739590794,10.17933928,4.478973711,5.023469829,1920,14,4,2,214.79,779000
-73.6128067,45.4926725,4.909182761,10.93464049,3.702924513,4.241581603,1957,4,2,1,78.97,249000
-73.5779031,45.4597133,5.753474116,13.25662637,4.585941135,4.907167027,1992,7,3,1,94.3,379000
-73.58346462,45.53241708,3.491304412,14.79353295,3.82041589,3.839730666,1900,6,3,1,88.26,369000
-73.58187675,45.48744825,3.203712998,13.15146268,1.853583306,2.350335056,1983,5,2,1,82.68,315000
-73.5954273,45.5317782,4.117166637,13.95728116,4.173870268,4.305588322,2011,5,2,2,99.5,489000
-73.57960224,45.56090905,6.136280673,16.84078035,6.829660075,6.721644659,2001,5,2,1,88.3,325000
-73.582622,45.4793349,3.94911639,12.95891282,2.635513324,3.076590615,1997,6,2,1,78.97,265900
-73.5685093,45.4924459,2.126746759,14.28197279,0.873420582,1.25336065,1985,4,2,1,92.9,295000
-73.5864687,45.5241493,3.051256093,14.14692559,3.085809184,3.207157242,1997,5,2,1,102.19,465000
-73.5927606,45.5323349,3.997276205,14.16663322,4.119131127,4.224821392,2005,8,2,1,112.76,469000
-73.5576095,45.5726156,7.113101485,18.99069033,8.084758896,7.850839625,2011,5,2,1,81.01,349900
-73.57702732,45.54543261,4.458297413,15.98355306,5.098448396,5.003886724,2004,4,2,1,81.6,264500
-73.627254,45.5013358,5.758514884,10.1903528,4.735152276,5.238130673,2004,4,1,1,95.23,335900
-73.5516466,45.5742918,7.296788631,19.46999977,8.322319366,8.061535554,1984,6,2,1,88.07,269900
-73.5926128,45.4605355,6.138732238,12.10624949,4.854621487,5.266486839,1912,8,4,1,144,389000
-73.6329226,45.5547304,7.993266134,13.34121814,7.972176499,8.15852454,1984,5,2,1,88.07,314900
-73.53505611,45.59120899,9.294563723,21.6592322,10.41473607,10.10524121,2009,5,2,1,89.19,240000
-73.6299014,45.4615106,7.901617593,9.196258296,6.550034068,7.068156385,1959,10,4,2,231,389000
-73.6320878,45.4766365,7.046243812,9.094707464,5.742473217,6.285548468,1931,7,3,1,100.34,539000
-73.6290556,45.4768568,6.830671433,9.332286543,5.521579584,6.063949589,1923,6,3,1,125.42,459000
-73.5663043,45.5441175,4.051952062,16.6081271,4.886100767,4.704991436,2006,6,3,1,138.89,434500
-73.5899625,45.5218606,3.153917629,13.78870434,3.025025449,3.208427084,2005,2,1,1,51.1,259000
-73.57563257,45.4636373,5.283426127,13.41852685,4.124563925,4.43877429,2006,4,2,1,95.13,275000
-73.54196548,45.46521749,4.926085423,16.04202935,4.3330088,4.32957207,1987,8,4,2,152.55,515000
-73.549177,45.449808,6.558990945,15.58200449,5.76160545,5.868601582,2006,6,2,2,136.57,715000
-73.5495468,45.5565162,5.329577072,18.4484921,6.402748725,6.113362806,2000,5,2,1,120,299000
-73.55644405,45.50124121,0.848310116,15.42341584,0.794167491,0.29446611,1850,8,2,1,130.81,599900
-73.54707648,45.4677537,4.58513722,15.64470132,3.910897392,3.943476923,2004,3,1,1,69.49,277000
-73.6421808,45.5451439,7.968516988,12.06838253,7.729584991,7.9950082,2001,4,4,1,97.64,289900
-73.549804,45.4628159,5.112325422,15.43428219,4.35387607,4.433191073,1988,5,2,1,86.59,279000
-73.61831188,45.51963909,5.148378524,11.73300166,4.579476714,4.944075,1928,8,3,2,99.13,490000
-73.6238602,45.5335632,6.097283461,12.25074154,5.808799299,6.083583716,2000,4,2,1,106.84,409900
-73.6068678,45.5368401,5.166116973,13.52846755,5.148093363,5.318427198,2006,5,2,1,78.72,319000
-73.5499842,45.5160251,0.876414191,16.39481519,2.183177604,1.742488385,2010,3,1,1,58.06,259900
-73.56074095,45.4963757,1.463844889,14.96793118,0.617613122,0.631253088,2008,3,1,1,48.31,280000
-73.58784199,45.52457023,3.166096561,14.07361603,3.18088775,3.312134195,1995,3,1,1,61.78,334000
-73.5436462,45.5469674,4.333294173,18.28872044,5.499665052,5.157418416,2008,5,2,2,92.9,355000
-73.5316158,45.5865943,8.837583393,21.54144184,9.986344591,9.660115666,2009,5,2,1,83.61,244000
-73.6230222,45.5190166,5.490818219,11.38284636,4.875899913,5.257878227,2000,8,4,2,167.23,499000
-73.6252456,45.5177179,5.63290083,11.15982336,4.974570356,5.371368195,2005,6,2,1,76.18,335000
-73.61140251,45.44333551,8.530542899,10.91560137,7.224654742,7.657176004,1998,3,1,1,78.5,229900
-73.561692,45.5486303,4.479933637,17.17868858,5.400984544,5.183073243,1990,6,3,1,98.9,275000
-73.6280811,45.4755825,6.841081728,9.390049508,5.523440347,6.064160005,1928,8,3,1,135.64,519000
-73.5346784,45.5883258,8.983138751,21.47708587,10.11060944,9.796742542,2005,7,2,1,84,255900
-73.6117753,45.4432952,8.54961273,10.88831692,7.242695582,7.676231084,1997,5,2,1,97.5,329000
-73.54943275,45.52667486,2.032448363,16.87397353,3.233384034,2.862317328,2007,5,1,1,98.48,349900
-73.533818,45.5908754,9.273888114,21.70930497,10.40187354,10.08792701,2008,5,2,1,79.9,199900
-73.548556,45.450923,6.438301256,15.61645823,5.652960568,5.753289627,2002,4,2,2,100.34,385000
-73.5667165,45.5454307,4.201430201,16.65792693,5.032116333,4.853581555,2002,3,1,1,102.36,271500
-73.63255978,45.55444853,7.951502259,13.33698652,7.929997149,8.116357789,1983,4,1,1,83.61,309000
-73.52459,45.5932718,9.68158781,22.43295778,10.85453549,10.51447158,2007,5,2,1,104.33,259000
-73.553209,45.574702,7.340212885,19.40308587,8.351511912,8.098082155,1984,5,2,1,88.1,249500
-73.6092643,45.4453748,8.250049899,11.02922162,6.945574968,7.376706742,2002,4,1,1,79.9,218900
-73.61295,45.5166789,4.669970368,11.93444968,4.056846893,4.432286463,1957,9,3,2,126.53,639000
-73.56586933,45.5433888,3.965264638,16.59473055,4.805311513,4.620959708,2007,5,2,1,100.52,405000
-73.562056,45.4967098,1.469311773,14.87665285,0.519231999,0.612105205,2011,3,1,1,53.33,275000
-73.5843894,45.5184828,2.598317278,14.01626033,2.466318141,2.635006587,2004,4,1,1,102.19,465000
-73.57615829,45.57817002,7.914009524,18.30264252,8.704965909,8.558608342,2004,5,2,1,106.84,324000
-73.5350225,45.5883804,8.984651409,21.46023716,10.10996006,9.797322966,2006,6,2,1,88.26,255900
-73.6217969,45.5295142,5.759358447,12.10880868,5.403024125,5.699530507,2004,7,3,1,116.04,369000
-73.54770541,45.45204228,6.319024851,15.66974204,5.549627238,5.641318554,1988,6,3,2,150.5,789000
-73.55853081,45.51052736,0.400311004,15.56447333,1.308615024,0.952030661,2001,5,2,2,90.1,385000
-73.5784945,45.483414,3.393108445,13.33758182,2.084506786,2.520483288,1987,5,2,1,102.19,374000
-73.6151342,45.5416239,6.000674299,13.34115503,5.965391179,6.148002949,2007,3,1,1,72.46,260000
-73.56600344,45.49505773,1.777028599,14.53528509,0.570547967,0.903719824,2006,3,1,1,60.39,280000
-73.5866086,45.5240735,3.05554469,14.13337522,3.08405009,3.207721258,1997,5,2,1,88.26,367000
-73.568777,45.4926302,2.12053843,14.26582754,0.857297675,1.247233709,1985,7,2,1,116.13,395000
-73.56179237,45.54882877,4.502843057,17.18393206,5.422463297,5.205333423,1990,5,2,1,86.86,275000
-73.535,45.591059,9.278799895,21.6518493,10.39955806,10.08972025,2009,7,2,1,97.92,259000
-73.5525799,45.573806,7.241227728,19.37951003,8.258960692,8.002083536,1984,7,3,2,135.64,315000
-73.58097553,45.47493841,4.297986628,13.03927243,3.024091212,3.425938032,2007,5,2,1,84.91,318000
-73.6283029,45.5535884,7.636775956,13.49290564,7.644477354,7.81881371,1984,5,2,1,92.53,314000
-73.623992,45.5333238,6.09443766,12.22627471,5.799754487,6.076705648,2000,5,3,1,107.12,402000
-73.5581622,45.5974312,9.87229061,20.79685612,10.83385087,10.60892554,1999,8,2,1,111.58,359000
-73.5745785,45.5541251,5.297439841,16.69233448,6.03162287,5.902015086,1931,6,3,1,111.48,339000
-73.56444776,45.55251774,4.939177389,17.23586859,5.82237425,5.624201704,2008,4,2,1,98.94,370000
-73.57301474,45.5446211,4.257813451,16.19564406,4.967904061,4.842202018,1955,5,2,1,85.47,310000
-73.5331,45.5877124,8.937596447,21.52923582,10.07555284,9.755652104,2005,6,2,1,92.9,250000
-73.56454968,45.54370439,3.977128494,16.70078665,4.842569636,4.646999336,2008,4,2,1,102.19,418500
-73.53638649,45.61265653,11.64229166,23.19177064,12.72541561,12.43809593,2009,4,2,1,86.77,239900
-73.6503941,45.4237543,12.06574396,8.906745847,10.72381986,11.19843056,2004,5,3,1,116.13,309000
-73.571172,45.5546088,5.275744777,16.93883975,6.063490115,5.910121512,2008,4,2,1,71.16,259000
-73.5845475,45.591751,9.534894737,18.91998782,10.27899474,10.15705525,2007,4,2,1,111.48,323000
-73.6197072,45.5321145,5.73592096,12.41083772,5.457648543,5.726625698,2008,4,1,1,48.5,271000
-73.58021915,45.48512778,3.317695004,13.23419364,1.98497341,2.450443939,1986,4,2,1,78.5,250000
-73.5633052,45.550508,4.704467366,17.18625524,5.602263639,5.396246846,2000,9,2,1,133.78,474000
-73.5863231,45.5201797,2.816225351,13.9602222,2.707174358,2.874597745,2001,5,2,1,74.32,350000
-73.5644259,45.5525056,4.937568173,17.23652486,5.821072337,5.622750811,1999,4,2,1,101.64,379000
-73.6217714,45.5294135,5.753050151,12.1038672,5.394688124,5.691859592,2004,6,3,1,128.86,399000
-73.54138613,45.46474344,4.986612992,16.08753426,4.400289527,4.394195026,1987,7,2,1,129.14,325000
-73.56111646,45.46140992,5.285919266,14.55670565,4.331128857,4.517734362,1995,4,1,1,86.4,272000
-73.5837422,45.5022682,2.417170972,13.41156272,1.362239207,1.846628385,1980,4,2,2,126.91,499000
-73.5894238,45.6089371,11.48070704,20.14047577,12.2244607,12.10531596,2004,4,2,1,93.27,259000
-73.5924364,45.5317636,3.936605841,14.15514763,4.05146175,4.158965882,2006,4,2,1,125.05,539000
-73.5622998,45.5953846,9.660744375,20.40808215,10.59181277,10.38181379,2004,7,2,1,101.36,289000
-73.6166518,45.5427307,6.169450553,13.32849302,6.135531475,6.318629326,2006,4,2,1,100.89,379000
-73.5955792,45.534105,4.292108352,14.08505994,4.399968254,4.514604355,2004,5,2,1,78.04,259000
-73.5631097,45.5528608,4.961020074,17.34359427,5.864303156,5.656928225,2000,5,2,1,90.12,259500
-73.5861109,45.5727733,7.548688831,17.32716187,8.215398525,8.123736307,2009,5,3,1,112.88,289000
-73.5822591,45.4736519,4.471707271,12.92905397,3.194377745,3.599441121,2004,4,2,1,119.38,629000
-73.6120814,45.4953909,4.753898199,11.07514758,3.590724744,4.121979834,1941,5,2,1,113.42,299000
-73.5518682,45.51950378,1.214746379,16.39362961,2.433595751,2.044709001,1983,4,1,1,69.58,234900
-73.5730914,45.4821973,3.296769305,13.73579749,2.06372247,2.428517677,1988,6,2,1,104,449000
-73.64429712,45.56334282,9.288157263,13.52015832,9.275647255,9.462564221,1986,7,3,1,111.48,327500
-73.54960442,45.52662976,2.025153383,16.85971149,3.22332213,2.853673159,2007,7,2,1,98.94,279000
-73.6181158,45.5077027,4.988897424,11.12786677,4.107145619,4.568836155,1930,8,3,2,167.23,700000
-73.535469,45.559451,5.827823848,19.54750314,7.020876756,6.665630405,2007,4,2,1,77.39,208000
-73.5859108,45.57217562,7.480819118,17.29296428,8.147203254,8.055494035,2009,5,3,1,112.88,287000
-73.5678495,45.5129189,1.169160766,14.96909083,1.420728569,1.354580235,1999,4,2,1,91.51,405000
-73.55014086,45.46168082,5.236657327,15.4113022,4.466888885,4.552868771,1987,6,2,1,103.4,329000
-73.57715607,45.46118416,5.579872119,13.30748636,4.414281105,4.733816685,2009,4,2,1,80.36,259900
-73.5437262,45.551013,4.774798144,18.50932035,5.925149081,5.592920199,2005,3,1,1,74.32,239000
-73.5479677,45.5580226,5.506041841,18.64313217,6.592597782,6.296606403,1989,4,1,1,87.05,264900
-73.57402325,45.4813178,3.416829217,13.6511008,2.176976599,2.547864982,1890,5,1,1,92.9,429000
-73.565874,45.5440041,4.031944737,16.63007989,4.873722223,4.689087624,2006,3,2,1,97.18,398000
-73.5495422,45.5264999,2.011785927,16.85837119,3.212144424,2.841229642,2007,4,2,1,74.32,259000
-73.549751,45.463973,4.984226466,15.43613335,4.232557184,4.307462478,1995,5,2,1,95.88,319000
-73.6105893,45.4433017,8.500727378,10.97823067,7.197454321,7.627427111,2001,5,2,1,113.53,345000
-73.6238179,45.5336304,6.097738059,12.25793806,5.811043396,6.085199685,2000,5,3,1,104.98,374500
-73.56532216,45.54746131,4.3984315,16.87041741,5.25871461,5.068178256,2001,5,2,1,92.9,259000
-73.57814312,45.56036819,6.043245886,16.8918411,6.754025905,6.63802667,1997,6,3,1,139.17,395000
-73.5490827,45.5575326,5.444829618,18.54066287,6.520805404,6.230236261,2000,7,2,2,221.57,395000
-73.6178385,45.5413115,6.148369789,13.15645467,6.07514044,6.272645622,2004,7,3,1,140.28,499900
-73.5495615,45.55670228,5.350146329,18.45884865,6.422759249,6.133715632,2000,9,3,1,130.16,369900
-73.620031,45.4384189,9.353118827,10.40773828,8.035477875,8.479997142,2003,4,2,1,138.33,284500
-73.61964226,45.5115198,5.116125961,11.20622447,4.327691516,4.762244199,1986,5,2,2,173.5,925000
-73.52471352,45.59269,9.616465588,22.38470446,10.7899552,10.44952969,2007,4,2,1,93.83,229000
-73.5729111,45.4822581,3.284434612,13.75062722,2.053719566,2.416515086,1989,5,3,2,138.9,649500
-73.53947639,45.46085306,5.440510412,16.24557359,4.854315978,4.851700179,1977,5,2,2,107.77,369000
-73.5861109,45.5727733,7.548688831,17.32716187,8.215398525,8.123736307,2009,5,2,1,102.47,279900
-73.5427298,45.546053,4.247800845,18.30108745,5.427541329,5.077481609,2006,5,3,1,106,310000
-73.6704837,45.5251975,9.250969308,8.943473771,8.565323042,8.982128618,2007,3,1,2,83.98,250000
-73.6268632,45.5538304,7.570070936,13.58986814,7.595479818,7.762923695,1985,4,2,1,101.36,357000
-73.56107354,45.54888888,4.502379444,17.23475742,5.43321793,5.210857427,1988,4,2,1,101.45,289000
